Workbook

Sheet Instructions
B1: Name Tag Roster & Mail Merge Workbook
B3: How this workbook works
B4: This workbook has two tabs you actually touch:
B5: • Roster — a plain list of names, one row per person. This is the only tab you edit.
B6: • Mail Merge List — builds itself from Roster using formulas. Don't type into it.
B8: Why "Mail Merge List" looks strange
B9: Each physical name-tag sheet holds 6 tags, front and back. For the front and back of a laminated tag to line up correctly when the sheet is duplex-printed, the back side has to print the SAME 6 names in a swapped order (positions 2,1,4,3,6,5 instead of 1,2,3,4,5,6). The Mail Merge List tab generates that pattern automatically — 12 rows (6 front + 6 back) for every 6 people in Roster — so you never have to reorder anything by hand.
B11: Step-by-step
B12: 1. On the Roster tab, enter First and Last name for every person who needs a name tag, one per row, starting in row 2. Any order is fine (alphabetical is easiest to scan).
B13: 2. IMPORTANT — once tags have been printed for the season, always add new people at the BOTTOM of the Roster list. Never re-sort, insert rows in the middle, or delete a row for someone who left — that shifts everyone below them into different groups of 6, and every tag printed after that point stops matching. If someone leaves, just clear their First/Last cells and leave the blank row in place.
B14: 3. Open Name_Tag_Template.docx in Word. Go to Mailings > Select Recipients > Use an Existing List, and choose this workbook, then the "Mail Merge List" sheet.
B15: 4. Go to Mailings > Edit Recipient List. Click the dropdown at the top of the "Include" column and choose "Yes" (this hides the unused placeholder rows built in for future growth — see note below). You only need to set this filter once; Word remembers it for this document.
... B24: Select the last row of Mail Merge List, and drag-fill (or copy/paste) all its formulas down as many additional rows as you need — the formulas are self-referencing (they use the row number) so they don't need to be edited, just copied.

Sheet Roster
A1: first | B1: last | C1: Notes
C2: <- Enter one person per row below, starting here in row 2 (First name in column A, Last name in column B). Add new people to the bottom of the list only -- see the Instructions tab before you delete or reorder any row.

Sheet Mail Merge List
A1: first | B1: last | C1: Include | D1: Notes
A2: =IFERROR(IF(INDEX(Roster!$A$2:$A$1000,INT((ROW()-2)/12)*6+CHOOSE(MOD(ROW()-2,12)+1,1,2,3,4,5,6,2,1,4,3,6,5))="","",INDEX(Roster!$A$2:$A$1000,INT((ROW()-2)/12)*6+CHOOSE(MOD(ROW()-2,12)+1,1,2,3,4,5,6,2,1,4,3,6,5))),"") | B2: =IFERROR(IF(INDEX(Roster!$B$2:$B$1000,INT((ROW()-2)/12)*6+CHOOSE(MOD(ROW()-2,12)+1,1,2,3,4,5,6,2,1,4,3,6,5))="","",INDEX(Roster!$B$2:$B$1000,INT((ROW()-2)/12)*6+CHOOSE(MOD(ROW()-2,12)+1,1,2,3,4,5,6,2,1,4,3,6,5))),"") | C2: =IF(AND(A2="",B2=""),"No","Yes") -> No | D2: ="Sheet "&(INT((ROW()-2)/12)+1)&" - "&IF(MOD(ROW()-2,12)<6,"Front","Back")&" #"&(MOD(MOD(ROW()-2,12),6)+1) -> Sheet 1 - Front #1
A3: =IFERROR(IF(INDEX(Roster!$A$2:$A$1000,INT((ROW()-2)/12)*6+CHOOSE(MOD(ROW()-2,12)+1,1,2,3,4,5,6,2,1,4,3,6,5))="","",INDEX(Roster!$A$2:$A$1000,INT((ROW()-2)/12)*6+CHOOSE(MOD(ROW()-2,12)+1,1,2,3,4,5,6,2,1,4,3,6,5))),"") | B3: =IFERROR(IF(INDEX(Roster!$B$2:$B$1000,INT((ROW()-2)/12)*6+CHOOSE(MOD(ROW()-2,12)+1,1,2,3,4,5,6,2,1,4,3,6,5))="","",INDEX(Roster!$B$2:$B$1000,INT((ROW()-2)/12)*6+CHOOSE(MOD(ROW()-2,12)+1,1,2,3,4,5,6,2,1,4,3,6,5))),"") | C3: =IF(AND(A3="",B3=""),"No","Yes") -> No | D3: ="Sheet "&(INT((ROW()-2)/12)+1)&" - "&IF(MOD(ROW()-2,12)<6,"Front","Back")&" #"&(MOD(MOD(ROW()-2,12),6)+1) -> Sheet 1 - Front #2
A4: =IFERROR(IF(INDEX(Roster!$A$2:$A$1000,INT((ROW()-2)/12)*6+CHOOSE(MOD(ROW()-2,12)+1,1,2,3,4,5,6,2,1,4,3,6,5))="","",INDEX(Roster!$A$2:$A$1000,INT((ROW()-2)/12)*6+CHOOSE(MOD(ROW()-2,12)+1,1,2,3,4,5,6,2,1,4,3,6,5))),"") | B4: =IFERROR(IF(INDEX(Roster!$B$2:$B$1000,INT((ROW()-2)/12)*6+CHOOSE(MOD(ROW()-2,12)+1,1,2,3,4,5,6,2,1,4,3,6,5))="","",INDEX(Roster!$B$2:$B$1000,INT((ROW()-2)/12)*6+CHOOSE(MOD(ROW()-2,12)+1,1,2,3,4,5,6,2,1,4,3,6,5))),"") | C4: =IF(AND(A4="",B4=""),"No","Yes") -> No | D4: ="Sheet "&(INT((ROW()-2)/12)+1)&" - "&IF(MOD(ROW()-2,12)<6,"Front","Back")&" #"&(MOD(MOD(ROW()-2,12),6)+1) -> Sheet 1 - Front #3
A5: =IFERROR(IF(INDEX(Roster!$A$2:$A$1000,INT((ROW()-2)/12)*6+CHOOSE(MOD(ROW()-2,12)+1,1,2,3,4,5,6,2,1,4,3,6,5))="","",INDEX(Roster!$A$2:$A$1000,INT((ROW()-2)/12)*6+CHOOSE(MOD(ROW()-2,12)+1,1,2,3,4,5,6,2,1,4,3,6,5))),"") | B5: =IFERROR(IF(INDEX(Roster!$B$2:$B$1000,INT((ROW()-2)/12)*6+CHOOSE(MOD(ROW()-2,12)+1,1,2,3,4,5,6,2,1,4,3,6,5))="","",INDEX(Roster!$B$2:$B$1000,INT((ROW()-2)/12)*6+CHOOSE(MOD(ROW()-2,12)+1,1,2,3,4,5,6,2,1,4,3,6,5))),"") | C5: =IF(AND(A5="",B5=""),"No","Yes") -> No | D5: ="Sheet "&(INT((ROW()-2)/12)+1)&" - "&IF(MOD(ROW()-2,12)<6,"Front","Back")&" #"&(MOD(MOD(ROW()-2,12),6)+1) -> Sheet 1 - Front #4
A6: =IFERROR(IF(INDEX(Roster!$A$2:$A$1000,INT((ROW()-2)/12)*6+CHOOSE(MOD(ROW()-2,12)+1,1,2,3,4,5,6,2,1,4,3,6,5))="","",INDEX(Roster!$A$2:$A$1000,INT((ROW()-2)/12)*6+CHOOSE(MOD(ROW()-2,12)+1,1,2,3,4,5,6,2,1,4,3,6,5))),"") | B6: =IFERROR(IF(INDEX(Roster!$B$2:$B$1000,INT((ROW()-2)/12)*6+CHOOSE(MOD(ROW()-2,12)+1,1,2,3,4,5,6,2,1,4,3,6,5))="","",INDEX(Roster!$B$2:$B$1000,INT((ROW()-2)/12)*6+CHOOSE(MOD(ROW()-2,12)+1,1,2,3,4,5,6,2,1,4,3,6,5))),"") | C6: =IF(AND(A6="",B6=""),"No","Yes") -> No | D6: ="Sheet "&(INT((ROW()-2)/12)+1)&" - "&IF(MOD(ROW()-2,12)<6,"Front","Back")&" #"&(MOD(MOD(ROW()-2,12),6)+1) -> Sheet 1 - Front #5
A7: =IFERROR(IF(INDEX(Roster!$A$2:$A$1000,INT((ROW()-2)/12)*6+CHOOSE(MOD(ROW()-2,12)+1,1,2,3,4,5,6,2,1,4,3,6,5))="","",INDEX(Roster!$A$2:$A$1000,INT((ROW()-2)/12)*6+CHOOSE(MOD(ROW()-2,12)+1,1,2,3,4,5,6,2,1,4,3,6,5))),"") | B7: =IFERROR(IF(INDEX(Roster!$B$2:$B$1000,INT((ROW()-2)/12)*6+CHOOSE(MOD(ROW()-2,12)+1,1,2,3,4,5,6,2,1,4,3,6,5))="","",INDEX(Roster!$B$2:$B$1000,INT((ROW()-2)/12)*6+CHOOSE(MOD(ROW()-2,12)+1,1,2,3,4,5,6,2,1,4,3,6,5))),"") | C7: =IF(AND(A7="",B7=""),"No","Yes") -> No | D7: ="Sheet "&(INT((ROW()-2)/12)+1)&" - "&IF(MOD(ROW()-2,12)<6,"Front","Back")&" #"&(MOD(MOD(ROW()-2,12),6)+1) -> Sheet 1 - Front #6
A8: =IFERROR(IF(INDEX(Roster!$A$2:$A$1000,INT((ROW()-2)/12)*6+CHOOSE(MOD(ROW()-2,12)+1,1,2,3,4,5,6,2,1,4,3,6,5))="","",INDEX(Roster!$A$2:$A$1000,INT((ROW()-2)/12)*6+CHOOSE(MOD(ROW()-2,12)+1,1,2,3,4,5,6,2,1,4,3,6,5))),"") | B8: =IFERROR(IF(INDEX(Roster!$B$2:$B$1000,INT((ROW()-2)/12)*6+CHOOSE(MOD(ROW()-2,12)+1,1,2,3,4,5,6,2,1,4,3,6,5))="","",INDEX(Roster!$B$2:$B$1000,INT((ROW()-2)/12)*6+CHOOSE(MOD(ROW()-2,12)+1,1,2,3,4,5,6,2,1,4,3,6,5))),"") | C8: =IF(AND(A8="",B8=""),"No","Yes") -> No | D8: ="Sheet "&(INT((ROW()-2)/12)+1)&" - "&IF(MOD(ROW()-2,12)<6,"Front","Back")&" #"&(MOD(MOD(ROW()-2,12),6)+1) -> Sheet 1 - Back #1
A9: =IFERROR(IF(INDEX(Roster!$A$2:$A$1000,INT((ROW()-2)/12)*6+CHOOSE(MOD(ROW()-2,12)+1,1,2,3,4,5,6,2,1,4,3,6,5))="","",INDEX(Roster!$A$2:$A$1000,INT((ROW()-2)/12)*6+CHOOSE(MOD(ROW()-2,12)+1,1,2,3,4,5,6,2,1,4,3,6,5))),"") | B9: =IFERROR(IF(INDEX(Roster!$B$2:$B$1000,INT((ROW()-2)/12)*6+CHOOSE(MOD(ROW()-2,12)+1,1,2,3,4,5,6,2,1,4,3,6,5))="","",INDEX(Roster!$B$2:$B$1000,INT((ROW()-2)/12)*6+CHOOSE(MOD(ROW()-2,12)+1,1,2,3,4,5,6,2,1,4,3,6,5))),"") | C9: =IF(AND(A9="",B9=""),"No","Yes") -> No | D9: ="Sheet "&(INT((ROW()-2)/12)+1)&" - "&IF(MOD(ROW()-2,12)<6,"Front","Back")&" #"&(MOD(MOD(ROW()-2,12),6)+1) -> Sheet 1 - Back #2
A10: =IFERROR(IF(INDEX(Roster!$A$2:$A$1000,INT((ROW()-2)/12)*6+CHOOSE(MOD(ROW()-2,12)+1,1,2,3,4,5,6,2,1,4,3,6,5))="","",INDEX(Roster!$A$2:$A$1000,INT((ROW()-2)/12)*6+CHOOSE(MOD(ROW()-2,12)+1,1,2,3,4,5,6,2,1,4,3,6,5))),"") | B10: =IFERROR(IF(INDEX(Roster!$B$2:$B$1000,INT((ROW()-2)/12)*6+CHOOSE(MOD(ROW()-2,12)+1,1,2,3,4,5,6,2,1,4,3,6,5))="","",INDEX(Roster!$B$2:$B$1000,INT((ROW()-2)/12)*6+CHOOSE(MOD(ROW()-2,12)+1,1,2,3,4,5,6,2,1,4,3,6,5))),"") | C10: =IF(AND(A10="",B10=""),"No","Yes") -> No | D10: ="Sheet "&(INT((ROW()-2)/12)+1)&" - "&IF(MOD(ROW()-2,12)<6,"Front","Back")&" #"&(MOD(MOD(ROW()-2,12),6)+1) -> Sheet 1 - Back #3
A11: =IFERROR(IF(INDEX(Roster!$A$2:$A$1000,INT((ROW()-2)/12)*6+CHOOSE(MOD(ROW()-2,12)+1,1,2,3,4,5,6,2,1,4,3,6,5))="","",INDEX(Roster!$A$2:$A$1000,INT((ROW()-2)/12)*6+CHOOSE(MOD(ROW()-2,12)+1,1,2,3,4,5,6,2,1,4,3,6,5))),"") | B11: =IFERROR(IF(INDEX(Roster!$B$2:$B$1000,INT((ROW()-2)/12)*6+CHOOSE(MOD(ROW()-2,12)+1,1,2,3,4,5,6,2,1,4,3,6,5))="","",INDEX(Roster!$B$2:$B$1000,INT((ROW()-2)/12)*6+CHOOSE(MOD(ROW()-2,12)+1,1,2,3,4,5,6,2,1,4,3,6,5))),"") | C11: =IF(AND(A11="",B11=""),"No","Yes") -> No | D11: ="Sheet "&(INT((ROW()-2)/12)+1)&" - "&IF(MOD(ROW()-2,12)<6,"Front","Back")&" #"&(MOD(MOD(ROW()-2,12),6)+1) -> Sheet 1 - Back #4
A12: =IFERROR(IF(INDEX(Roster!$A$2:$A$1000,INT((ROW()-2)/12)*6+CHOOSE(MOD(ROW()-2,12)+1,1,2,3,4,5,6,2,1,4,3,6,5))="","",INDEX(Roster!$A$2:$A$1000,INT((ROW()-2)/12)*6+CHOOSE(MOD(ROW()-2,12)+1,1,2,3,4,5,6,2,1,4,3,6,5))),"") | B12: =IFERROR(IF(INDEX(Roster!$B$2:$B$1000,INT((ROW()-2)/12)*6+CHOOSE(MOD(ROW()-2,12)+1,1,2,3,4,5,6,2,1,4,3,6,5))="","",INDEX(Roster!$B$2:$B$1000,INT((ROW()-2)/12)*6+CHOOSE(MOD(ROW()-2,12)+1,1,2,3,4,5,6,2,1,4,3,6,5))),"") | C12: =IF(AND(A12="",B12=""),"No","Yes") -> No | D12: ="Sheet "&(INT((ROW()-2)/12)+1)&" - "&IF(MOD(ROW()-2,12)<6,"Front","Back")&" #"&(MOD(MOD(ROW()-2,12),6)+1) -> Sheet 1 - Back #5
A13: =IFERROR(IF(INDEX(Roster!$A$2:$A$1000,INT((ROW()-2)/12)*6+CHOOSE(MOD(ROW()-2,12)+1,1,2,3,4,5,6,2,1,4,3,6,5))="","",INDEX(Roster!$A$2:$A$1000,INT((ROW()-2)/12)*6+CHOOSE(MOD(ROW()-2,12)+1,1,2,3,4,5,6,2,1,4,3,6,5))),"") | B13: =IFERROR(IF(INDEX(Roster!$B$2:$B$1000,INT((ROW()-2)/12)*6+CHOOSE(MOD(ROW()-2,12)+1,1,2,3,4,5,6,2,1,4,3,6,5))="","",INDEX(Roster!$B$2:$B$1000,INT((ROW()-2)/12)*6+CHOOSE(MOD(ROW()-2,12)+1,1,2,3,4,5,6,2,1,4,3,6,5))),"") | C13: =IF(AND(A13="",B13=""),"No","Yes") -> No | D13: ="Sheet "&(INT((ROW()-2)/12)+1)&" - "&IF(MOD(ROW()-2,12)<6,"Front","Back")&" #"&(MOD(MOD(ROW()-2,12),6)+1) -> Sheet 1 - Back #6
... A481: =IFERROR(IF(INDEX(Roster!$A$2:$A$1000,INT((ROW()-2)/12)*6+CHOOSE(MOD(ROW()-2,12)+1,1,2,3,4,5,6,2,1,4,3,6,5))="","",INDEX(Roster!$A$2:$A$1000,INT((ROW()-2)/12)*6+CHOOSE(MOD(ROW()-2,12)+1,1,2,3,4,5,6,2,1,4,3,6,5))),"") | B481: =IFERROR(IF(INDEX(Roster!$B$2:$B$1000,INT((ROW()-2)/12)*6+CHOOSE(MOD(ROW()-2,12)+1,1,2,3,4,5,6,2,1,4,3,6,5))="","",INDEX(Roster!$B$2:$B$1000,INT((ROW()-2)/12)*6+CHOOSE(MOD(ROW()-2,12)+1,1,2,3,4,5,6,2,1,4,3,6,5))),"") | C481: =IF(AND(A481="",B481=""),"No","Yes") -> No | D481: ="Sheet "&(INT((ROW()-2)/12)+1)&" - "&IF(MOD(ROW()-2,12)<6,"Front","Back")&" #"&(MOD(MOD(ROW()-2,12),6)+1) -> Sheet 40 - Back #6
